time_us,x,y,z
2175036444,-1.340753,0.189142,-10.577583
2175037646,-1.266533,0.169988,-10.761936
2175038865,-1.225831,0.186748,-10.733206
2175040093,-1.223437,0.385466,-10.498574
2175041312,-1.139640,0.414197,-10.441113
2175042518,-1.161188,0.505177,-10.359711
2175043725,-1.218649,0.562637,-10.369287
2175044948,-1.156399,0.531513,-10.556035
2175046189,-1.192312,0.380678,-10.718841
2175047412,-1.113304,0.416591,-10.972627
2175048619,-1.168370,0.500388,-10.929531
2175049835,-1.297657,0.509965,-10.702082
2175051057,-1.206678,0.366313,-10.888829
2175052289,-1.228225,0.368707,-10.630256
2175053498,-1.204283,0.335188,-10.682928
2175054702,-1.223437,0.296881,-10.805033
2175055932,-1.285686,0.246603,-10.773908
2175057160,-1.314417,0.237026,-10.488997
2175058377,-1.381454,0.234632,-10.575189
2175059585,-1.362301,0.208296,-10.460267
2175060797,-1.276109,0.110133,-10.302250
2175062035,-1.216254,0.028730,-10.307038
2175063250,-1.240196,0.007183,-10.244789
2175064458,-1.424550,0.098162,-10.041282
2175065669,-1.422156,0.062249,-10.125079
2175066896,-1.438915,0.000000,-10.254366
2175068122,-1.419762,0.062249,-9.871294
2175069349,-1.455675,-0.062249,-9.825804
2175070561,-1.484405,-0.059855,-10.026917
2175071789,-1.508347,0.033519,-9.964667
2175073017,-1.572991,0.124498,-9.883265
2175074239,-1.422156,0.011971,-9.890448
2175075445,-1.391031,-0.057461,-9.727641
2175076662,-1.345541,0.014365,-9.555259
2175077883,-1.276109,0.107739,-9.466674
2175079105,-1.410185,0.107739,-9.797073
2175080327,-1.426944,0.129287,-9.957485
2175081528,-1.448492,0.165200,-10.177752
2175082734,-1.496376,0.141258,-10.232818
2175083963,-1.467646,0.114922,-10.273520
2175085189,-1.441309,0.306458,-10.398018
2175086410,-1.441309,0.260968,-10.333375
2175087606,-1.400608,0.160412,-10.311827
2175088817,-1.261744,0.110133,-10.374076
2175090044,-1.134852,0.136469,-10.280702
2175091270,-1.235408,0.074220,-9.806650
2175092462,-1.209072,0.014365,-9.825804
2175093661,-1.161188,0.129287,-9.835381
2175094873,-1.247379,0.198719,-9.897630
2175096101,-1.328782,0.095768,-10.141838
2175097331,-1.292869,0.126893,-10.268731
2175098534,-1.414973,0.131681,-10.132261
2175099741,-1.364695,0.069432,-10.105926
2175100974,-1.319205,0.002394,-10.129868
2175102202,-1.462857,0.014365,-10.053253
2175103420,-1.426944,-0.067038,-10.113108
2175104627,-1.312023,-0.069432,-10.156203
2175105850,-1.307234,0.033519,-10.060435
2175107082,-1.254562,0.045490,-9.943120
2175108313,-1.345541,-0.057461,-9.895236
2175109516,-1.429338,-0.129287,-9.986216
2175110728,-1.527501,-0.124498,-10.077195
2175111954,-1.513135,-0.160412,-10.208876
2175113204,-1.599327,-0.124498,-9.902418
2175114428,-1.484405,-0.124498,-9.931149
2175115640,-1.477222,-0.062249,-9.821015
2175116858,-1.479617,-0.083797,-9.753978
2175118098,-1.400608,-0.110133,-9.749189
2175119330,-1.371878,0.002394,-9.545682
2175120533,-1.484405,0.028730,-9.301474
2175121737,-1.606509,-0.021548,-9.478644
2175122974,-1.628057,-0.143652,-9.648633
2175124204,-1.637634,-0.172383,-9.737218
2175125433,-1.618480,-0.265756,-9.797073
2175126637,-1.640028,-0.196325,-9.674969
2175127855,-1.592144,-0.148441,-9.634268
2175129094,-1.515530,-0.177171,-9.643845
2175130338,-1.675941,-0.114922,-9.686940
2175131551,-1.661576,0.002394,-9.665392
2175132753,-1.668759,0.165200,-9.674969
2175133976,-1.668759,0.280122,-9.581595
2175135206,-1.671153,0.222661,-9.416395
2175136419,-1.707066,0.222661,-9.425972
2175137624,-1.738190,0.210690,-9.294291
2175138832,-1.685518,0.071826,-9.241618
2175140059,-1.630451,0.011971,-9.239224
2175141284,-1.479617,0.129287,-9.133880
2175142497,-1.429338,0.129287,-9.102755
2175143695,-1.405396,0.102951,-9.265560
2175144927,-1.513135,0.138864,-9.284714
2175146157,-1.611298,0.165200,-9.366117
2175147387,-1.640028,0.107739,-9.610326
2175148586,-1.704672,0.148441,-9.840169
2175149797,-1.824382,0.191536,-9.959879
2175151032,-1.860295,0.193930,-10.024523
2175152248,-1.812411,0.232238,-9.660604
2175153454,-1.752556,0.251391,-9.493010
2175154659,-1.680730,0.328006,-9.442732
2175155876,-1.697489,0.287304,-9.227253
2175157096,-1.814805,0.198719,-8.997410
2175158323,-1.778892,0.263362,-8.805874
2175159529,-1.728614,0.158017,-8.525752
2175160735,-1.651999,0.064643,-8.348581
2175161963,-1.558625,-0.007183,-8.322245
2175163193,-1.426944,0.074220,-8.195353
2175164416,-1.379060,-0.016759,-8.032547
2175165621,-1.436521,-0.004788,-8.085219
2175166844,-1.429338,0.090980,-8.173804
2175168069,-1.467646,0.086191,-8.054094
2175169284,-1.436521,0.007183,-7.953538
2175170480,-1.345541,-0.014365,-8.090008
2175171689,-1.247379,-0.043096,-8.157045
2175172922,-1.276109,-0.129287,-8.319851
2175174162,-1.410185,-0.093374,-8.463503
2175175383,-1.436521,0.067038,-8.339005
2175176587,-1.357512,-0.071826,-8.315063
2175177799,-1.328782,-0.239420,-8.271967
2175179044,-1.376666,-0.275333,-8.159439
2175180273,-1.561020,-0.296881,-8.362947
2175181472,-1.381454,-0.071826,-8.578424
2175182679,-1.441309,-0.002394,-7.419631
2175183912,-1.479617,-0.122104,-7.793127
2175185157,-1.316811,-0.289698,-8.695741
2175186396,-1.369483,-0.055067,-8.061277
2175187607,-1.137246,-0.256180,-7.996634
2175188825,-1.070208,-0.354342,-8.245630
2175190052,-1.144428,-0.426168,-8.403648
2175191289,-1.177947,-0.675165,-9.876082
2175192472,-1.175553,-0.423774,-8.920795
2175193656,-1.187524,0.086191,-8.710106
2175194838,-1.130063,0.299275,-8.135497
2175196037,-0.993594,0.136469,-7.381324
2175197220,-0.960075,-0.002394,-7.273585
2175198416,-0.763750,-0.122104,-9.236830
2175199591,-0.859518,-0.043096,-9.344569
2175200778,-0.984017,-0.373495,-8.956709
2175201972,-0.701501,-0.696713,-8.889671
2175203177,-0.787692,-0.481235,-8.556877
2175204373,-1.335965,0.081403,-7.029376
2175205550,-1.347936,-0.086191,-8.054094
2175206727,-1.503559,-0.141258,-8.327033
2175207926,-1.343147,-0.239420,-8.288726
2175209122,-1.091756,-0.222661,-8.149862
2175210321,-1.039083,-0.486023,-8.626308
2175211503,-1.086968,-0.598550,-8.547300
2175212690,-1.158794,-0.407014,-8.415619
2175213888,-1.235408,-0.153229,-8.068460
2175215087,-1.309628,-0.026336,-7.824251
2175216275,-1.517924,-0.165200,-7.881712
2175217463,-1.383849,-0.244209,-7.987057
2175218641,-1.197101,-0.296881,-8.286332
2175219836,-1.055843,-0.253785,-8.659827
2175221041,-0.988805,-0.210690,-8.717288
2175222236,-1.063026,-0.244209,-8.511387
2175223429,-1.010353,-0.423774,-8.192958
2175224612,-1.051055,-0.399832,-8.288726
2175225799,-1.115698,-0.280122,-8.499416
2175227002,-1.134852,-0.213084,-8.556877
2175228207,-1.182736,-0.268151,-8.406042
2175229408,-1.482011,-0.160412,-8.379706
2175230589,-1.721431,-0.064643,-8.360553
2175231776,-1.654393,-0.045490,-8.322245
2175232971,-1.331176,-0.102951,-8.410830
2175234176,-0.888249,-0.150835,-8.449138
2175235373,-0.852336,0.169988,-8.755595
2175236549,-0.957681,0.239420,-9.009381
2175237718,-1.029507,0.229843,-8.963891
2175238916,-1.185130,0.189142,-8.913613
2175240109,-1.180341,0.126893,-8.741230
2175241307,-1.201889,-0.059855,-8.643068
2175242489,-1.345541,0.014365,-8.817844
2175243666,-1.460463,0.071826,-8.631097
2175244852,-1.438915,0.320823,-8.597578
2175246049,-1.434127,0.737414,-8.659827
2175247235,-1.295263,0.569820,-8.693346
2175248417,-1.209072,-0.493206,-9.040505
2175249597,-1.534683,-0.651223,-9.595961
2175250788,-1.656788,-0.306458,-9.849746
2175251986,-1.628057,0.009577,-9.327810
2175253184,-1.498770,0.021548,-8.458714
2175254373,-1.517924,-0.184354,-7.333440
2175255555,-1.477222,-0.253785,-7.364564
2175256735,-1.508347,-0.318429,-7.649475
2175257938,-1.582567,-0.308852,-7.999028
2175259133,-1.683124,-0.375890,-8.398860
2175260332,-1.680730,-0.316035,-8.384495
2175261515,-1.838747,-0.222661,-7.939173
2175262704,-2.003947,-0.186748,-7.175423
2175263904,-2.097321,-0.004788,-7.007828
2175265106,-2.138022,0.153229,-7.031770
2175270813,-1.987187,-0.071826,-8.010999
2175272020,-1.970428,-0.093374,-7.999028
2175273208,-1.886631,-0.146046,-7.675811
2175274409,-1.807622,-0.148441,-7.393295
2175275597,-1.618480,-0.153229,-7.632715
2175276786,-1.515530,-0.184354,-7.848193
2175277981,-1.462857,-0.246603,-8.140285
2175279187,-1.501164,-0.203507,-8.446744
2175280378,-1.436521,-0.296881,-8.523358
2175281557,-1.374272,-0.289698,-8.300697
2175282735,-1.259350,-0.280122,-8.051701
2175283933,-1.182736,-0.318429,-7.953538
2175285126,-1.098939,-0.351948,-7.939173
2175286326,-1.067814,-0.366313,-7.876924
2175287510,-1.041478,-0.411803,-8.073248
2175288697,-0.962469,-0.438139,-8.221688
2175289895,-0.998382,-0.445322,-8.212111
2175291098,-0.979228,-0.493206,-8.219295
2175292290,-0.957681,-0.459687,-8.195353
2175293477,-1.019930,-0.433351,-8.245630
2175294655,-1.015141,-0.426168,-8.159439
2175295853,-0.967257,-0.421380,-8.125920
2175297052,-0.981623,-0.481235,-8.128315
2175298249,-1.022324,-0.502782,-8.224083
2175299442,-1.046266,-0.608127,-8.257602
2175300632,-1.029507,-0.627281,-8.358158
2175301820,-0.993594,-0.624887,-8.281544
2175303031,-1.043872,-0.646434,-8.073248
2175304219,-0.998382,-0.653617,-8.128315
2175305407,-1.096544,-0.529119,-8.087613
2175306588,-1.122881,-0.493206,-8.073248
2175307776,-1.089362,-0.500388,-7.934384
2175308969,-1.182736,-0.553061,-7.759608
2175310175,-1.247379,-0.617704,-7.742848
2175311373,-1.256956,-0.598550,-7.790732
2175312554,-1.228225,-0.749385,-7.817069
2175313733,-1.221043,-0.873884,-7.857770
2175314932,-1.142034,-0.940921,-7.912837
2175316126,-1.058237,-1.007959,-7.910442
2175317325,-1.003170,-1.041478,-7.888895
2175318507,-0.921768,-1.180341,-8.085219
2175319695,-0.893037,-1.221043,-8.276755
2175320893,-0.905008,-1.201889,-8.384495
2175322094,-0.897826,-1.139640,-8.422802
2175323285,-0.897826,-1.120486,-8.451532
2175324470,-0.878672,-1.407791,-8.477868
2175325649,-0.881066,-1.438915,-8.743625
2175326847,-0.811634,-1.410185,-9.030929
2175328044,-0.708684,-1.312023,-9.220071
2175329236,-0.636858,-1.314417,-9.404425
2175330430,-0.474052,-1.223437,-9.471462
2175331613,-0.387861,-1.273715,-9.421184
2175332802,-0.328006,-1.261744,-9.373300
2175334005,-0.387861,-1.309628,-9.248801
2175335207,-0.313640,-1.254562,-9.181764
2175336409,-0.198719,-1.242591,-9.258378
2175337592,-0.095768,-1.225831,-9.624691
2175338779,0.002394,-1.316811,-9.567230
2175339967,0.153229,-1.347936,-9.622296
2175341173,0.328006,-1.388637,-9.452309
2175342363,0.359130,-1.414973,-9.351752
2175343549,0.469264,-1.537078,-9.330204
2175344718,0.454898,-1.558625,-9.330204
2175345916,0.500388,-1.616086,-9.471462
2175347106,0.562637,-1.587356,-9.490616
2175348296,0.612916,-1.632846,-9.572019
2175349473,0.735020,-1.572991,-9.483433
2175350655,0.737414,-1.584962,-9.354146
2175351839,0.718261,-1.692701,-9.179369
2175353039,0.735020,-1.728614,-9.253590
2175354220,0.797269,-1.716643,-9.241618
2175355411,0.835576,-1.680730,-9.327810
2175356586,0.842759,-1.608904,-9.502586
2175357771,0.921768,-1.671153,-9.504981
2175358965,0.907402,-1.678335,-9.576807
2175360169,0.907402,-1.675941,-9.572019
2175361354,0.984017,-1.625663,-9.528923
2175362537,0.984017,-1.580173,-9.378088
2175363716,0.993594,-1.522712,-9.356541
2175364915,1.067814,-1.417367,-9.433155
2175366109,1.101333,-1.472434,-9.382876
2175367308,1.168370,-1.553837,-9.248801
2175368485,1.426944,-1.561020,-9.198523
2175369662,1.551443,-1.594538,-9.078813
2175370849,1.628057,-1.642422,-8.901642
2175372046,1.675941,-1.544260,-8.777143
2175373227,1.695095,-1.486799,-8.772355
2175374415,1.678335,-1.489193,-8.777143
2175375587,1.666364,-1.517924,-8.738836
2175376775,1.666364,-1.546654,-8.805874
2175377964,1.606509,-1.572991,-8.808268
2175379165,1.675941,-1.520318,-8.836999
2175380363,1.709460,-1.412579,-8.827422
2175381548,1.778892,-1.417367,-8.738836
2175382732,1.845930,-1.405396,-8.753201
2175383925,1.893813,-1.414973,-8.640674
2175385114,1.853112,-1.400608,-8.659827
2175386312,1.877054,-1.364695,-8.753201
2175387489,1.821988,-1.223437,-8.858546
2175388671,1.745373,-1.283292,-8.872911
2175389861,1.728614,-1.300052,-9.011775
2175391055,1.872266,-1.307234,-9.129091
2175392241,1.824382,-1.343147,-9.131485
2175393435,1.850718,-1.331176,-9.397242
2175394608,1.886631,-1.302446,-9.528923
2175395791,1.881842,-1.347936,-9.629479
2175396982,1.927332,-1.410185,-9.830592
2175398181,1.951274,-1.371878,-10.022128
2175399373,1.908179,-1.374272,-10.058042
2175400551,2.051831,-1.386243,-10.266336
2175401723,2.037466,-1.448492,-10.381259
2175402920,2.044648,-1.520318,-10.386047
2175404113,2.027889,-1.510741,-10.431537
2175405313,1.977611,-1.482011,-10.441113
2175406490,2.013524,-1.489193,-10.438720
2175407677,2.116474,-1.462857,-10.414778
2175408864,2.097321,-1.403002,-10.426748
2175410062,2.078167,-1.453280,-10.527305
2175411250,2.109292,-1.572991,-10.613496
2175412432,2.171541,-1.589750,-10.599131
2175413611,2.312799,-1.515530,-10.618284
2175414796,2.315193,-1.537078,-10.529699
2175415990,2.288857,-1.455675,-10.426748
2175417194,2.370260,-1.398214,-10.402806
2175418379,2.389413,-1.460463,-10.455479
2175419556,2.363077,-1.479617,-10.326192
2175420730,2.377442,-1.381454,-10.292673
2175421925,2.358289,-1.355118,-10.237606
2175423115,2.370260,-1.467646,-10.098742
2175424314,2.487576,-1.551443,-10.055647
2175425487,2.607286,-1.575385,-10.096349
2175426665,2.564190,-1.345541,-9.988609
2175427852,2.590526,-1.486799,-9.842564
2175429049,2.583344,-1.393425,-9.799467
2175430236,2.583344,-1.386243,-9.835381
2175431430,2.624045,-1.323994,-9.868899
2175432603,2.628834,-1.367089,-9.555259
2175433787,2.674323,-1.307234,-9.720459
2175434976,2.693477,-1.297657,-9.861717
2175436174,2.703054,-1.323994,-9.861717
2175437366,2.662352,-1.268927,-9.725247
2175438548,2.693477,-1.185130,-9.715671
2175439731,2.530671,-1.180341,-9.859323
2175440925,2.487576,-1.223437,-9.890448
2175442111,2.525883,-1.170765,-9.720459
2175443309,2.434903,-1.091756,-9.493010
2175444484,2.401384,-1.089362,-9.533711
2175445666,2.475605,-1.216254,-9.583989
2175446851,2.370260,-1.154005,-9.653421
2175448047,2.360683,-1.091756,-9.662998
2175449229,2.341529,-1.055843,-9.591172
2175450422,2.291251,-1.161188,-9.361329
2175451594,2.267309,-1.139640,-9.313444
2175452775,2.229002,-1.132457,-9.390059
2175453963,2.250550,-1.115698,-9.263166
2175455167,2.214637,-1.185130,-9.294291
2175456355,2.152387,-1.108515,-9.351752
2175457538,2.149993,-0.964863,-9.390059
2175458718,1.798046,-0.634463,-9.366117
2175459916,1.671153,-0.665588,-9.466674
2175461110,1.637634,-0.694318,-9.813833
2175462309,1.532289,-0.677559,-10.019734
2175463486,1.450886,-0.694318,-10.141838
2175464664,1.683124,-0.691924,-10.079589
2175465852,1.666364,-0.732626,-9.804255
2175467049,1.798046,-0.773327,-9.658210
2175468234,1.896208,-0.754174,-9.610326
2175469415,2.044648,-0.567426,-9.581595
2175470591,2.027889,-0.426168,-9.409213
2175471772,1.903390,-0.450110,-9.155427
2175472964,1.922544,-0.519542,-9.339781
2175474169,1.934515,-0.517148,-9.387665
2175475362,1.948880,-0.500388,-9.464279
2175476546,1.924938,-0.497994,-9.878476
2175477730,1.908179,-0.366313,-9.756371
2175478923,1.944092,-0.339977,-9.677363
2175480112,1.903390,-0.289698,-9.871294
2175481310,1.819593,-0.318429,-9.959879
2175482487,1.731008,-0.256180,-9.995792
2175483663,1.793257,-0.253785,-10.098742
2175484851,1.826776,-0.193930,-10.048465
2175486045,1.810017,-0.217872,-9.849746
2175487227,1.900996,-0.225055,-10.007763
2175488407,1.903390,-0.299275,-10.012551
2175489583,1.850718,-0.181959,-9.809045
2175490768,1.793257,-0.272939,-9.799467
2175491962,1.853112,-0.289698,-9.708488
2175493167,1.810017,-0.210690,-9.646238
2175494352,1.692701,-0.124498,-9.579201
2175495534,1.592144,-0.138864,-9.560047
2175496714,1.608904,-0.301669,-9.710882
2175497911,1.577779,-0.316035,-9.770737
2175499104,1.484405,-0.373495,-9.564836
2175500294,1.541866,-0.373495,-9.552865
2175501472,1.618480,-0.395043,-9.591172
2175502646,1.520318,-0.253785,-9.449914
2175503830,1.460463,-0.258574,-9.507375
2175505029,1.448492,-0.356736,-9.560047
2175506211,1.448492,-0.280122,-9.430760
2175507405,1.405396,-0.172383,-9.179369
2175508578,1.422156,-0.184354,-9.212888
2175509759,1.357512,-0.193930,-9.361329
2175510952,1.410185,-0.191536,-9.346964
2175512156,1.441309,-0.107739,-9.414001
2175513343,1.434127,-0.146046,-9.526528
2175514525,1.369483,-0.165200,-9.610326
2175515702,1.290475,-0.275333,-9.433155
2175516898,1.307234,-0.272939,-9.418790
2175518090,1.300052,-0.134075,-9.414001
2175519274,1.228225,-0.064643,-9.387665
2175520451,1.213860,-0.095768,-9.313444
2175521626,1.225831,-0.141258,-9.375694
2175522809,1.115698,-0.186748,-9.423578
2175524008,1.130063,-0.205901,-9.356541
2175525206,1.125275,-0.263362,-9.495404
2175526397,1.082179,-0.258574,-9.641450
2175527569,1.007959,-0.146046,-9.610326
2175528744,1.065420,-0.004788,-9.639056
2175529930,1.007959,-0.026336,-9.667787
2175531123,0.981623,-0.100556,-9.770737
2175532310,0.964863,-0.158017,-9.768343
2175533490,0.907402,-0.165200,-9.713276
2175534665,0.871489,-0.033519,-9.720459
2175535856,0.835576,0.095768,-9.763555
2175537044,0.861913,0.136469,-9.837775
2175538225,0.869095,0.138864,-9.818622
2175539393,0.775721,0.088585,-9.595961
2175540568,0.746991,-0.023942,-9.531317
2175541740,0.694318,-0.004788,-9.658210
2175542932,0.615310,-0.093374,-9.425972
2175544120,0.634463,-0.148441,-9.447520
2175545310,0.603339,-0.090980,-9.643845
2175546482,0.557849,0.009577,-9.512163
2175547651,0.507571,0.002394,-9.275137
2175548827,0.426168,-0.076614,-9.473856
2175550026,0.433351,0.007183,-9.521740
2175551205,0.462081,0.071826,-9.344569
2175552388,0.428562,0.062249,-9.289502
2175553558,0.375890,0.004788,-9.421184
2175554726,0.344765,-0.016759,-9.490616
2175555914,0.308852,0.047884,-9.466674
2175557103,0.342371,0.138864,-9.500193
2175558278,0.371101,0.112527,-9.586384
2175559453,0.371101,0.105345,-9.629479
2175560614,0.323217,0.081403,-9.672575
2175561790,0.201113,0.045490,-9.641450
2175562970,0.184354,0.043096,-9.684546
2175564168,0.184354,0.165200,-9.598354
2175565347,0.244209,0.241814,-9.493010
2175566521,0.179565,0.201113,-9.387665
2175567692,0.169988,0.198719,-9.421184
2175568877,0.102951,0.117316,-9.423578
2175570059,0.177171,0.079009,-9.373300
2175571237,0.165200,0.026336,-9.375694
2175572404,0.146046,0.062249,-9.425972
2175573573,0.162806,0.074220,-9.435549
2175574738,0.193930,0.079009,-9.402030
2175575921,0.198719,0.021548,-9.560047
2175577100,0.239420,-0.069432,-9.722853
2175578289,0.256180,-0.071826,-9.734824
2175579465,0.284910,-0.014365,-9.634268
2175580639,0.253785,-0.045490,-9.732430
2175581819,0.366313,-0.052672,-9.758766
2175583024,0.328006,0.004788,-9.670180
2175584201,0.299275,0.021548,-9.813833
2175585385,0.246603,0.035913,-9.876082
2175586547,0.201113,0.117316,-9.811439
2175587726,0.193930,0.184354,-9.809045
2175588905,0.222661,0.215478,-9.837775
2175590096,0.124498,0.143652,-9.713276
2175591272,0.131681,0.098162,-9.636662
2175592448,0.213084,0.004788,-9.576807
2175593612,0.260968,-0.074220,-9.651027
2175594793,0.067038,0.263362,-9.507375
2175595973,0.064643,0.062249,-9.672575
2175597164,0.193930,-0.028730,-10.005369
2175598355,0.253785,0.210690,-9.809045
2175599529,0.050278,0.299275,-9.411607
2175600699,-0.004788,0.038307,-9.272743
2175601893,0.270545,0.071826,-9.500193
2175603073,-0.081403,0.287304,-9.380483
2175604258,-0.100556,0.162806,-8.851364
2175605444,0.004788,0.033519,-8.652645
2175606618,0.217872,0.229843,-8.422802
2175607787,0.421380,0.481235,-9.641450
2175608973,0.208296,0.023942,-10.788273
2175610160,-0.035913,-0.356736,-11.018116
2175611367,-0.263362,-0.497994,-10.153810
2175612540,-0.062249,0.000000,-9.983821
2175613721,0.124498,0.371101,-9.418790
2175614908,0.196325,0.588974,-9.162610
2175616098,0.126893,-0.160412,-9.277532
2175617280,-0.019154,-0.320823,-9.667787
2175618467,0.237026,-0.071826,-10.601525
2175619636,0.634463,0.268151,-11.789049
2175620817,0.047884,-0.014365,-10.101137
2175622010,0.033519,-0.289698,-10.558430
2175623206,0.232238,-0.138864,-11.350910
2175624392,0.380678,0.064643,-11.013328
2175625562,0.122104,0.067038,-10.776301
2175626725,-0.050278,-0.098162,-11.195287
2175627924,0.057461,0.282516,-10.884041
2175629104,0.284910,0.229843,-11.453861
2175630289,0.428562,0.234632,-11.784261
2175631460,0.253785,0.002394,-11.255142
2175632629,0.014365,-0.256180,-10.673351
2175633811,0.129287,-0.198719,-10.769119
2175635010,0.165200,0.155623,-11.176133
2175636199,0.095768,-0.110133,-11.303026
2175637388,0.124498,-0.138864,-11.348516
2175638566,0.079009,-0.062249,-11.293449
2175639742,0.222661,0.014365,-11.075577
2175640924,0.196325,0.215478,-10.309433
2175642110,0.165200,0.079009,-10.144233
2175643287,0.208296,0.026336,-10.120291
2175644461,0.179565,0.083797,-10.249578
2175645623,0.122104,0.076614,-10.615891
2175646803,0.090980,0.045490,-10.812215
2175647983,-0.040701,-0.105345,-10.876859
2175649187,-0.098162,-0.117316,-10.570400
2175650377,0.000000,-0.134075,-10.558430
2175651548,0.067038,-0.215478,-10.359711
2175652730,-0.004788,-0.203507,-10.043676
2175653927,0.064643,-0.071826,-9.662998
2175655115,0.117316,0.083797,-9.351752
2175656299,0.169988,0.038307,-9.303867
2175657468,0.095768,-0.028730,-9.452309
2175658641,0.124498,-0.129287,-9.521740
2175659824,0.102951,-0.169988,-9.567230
2175661023,-0.038307,-0.110133,-9.758766
2175662210,-0.047884,-0.172383,-9.768343
2175663411,-0.083797,-0.232238,-9.765948
2175664593,-0.069432,-0.186748,-9.674969
2175665781,-0.086191,-0.122104,-9.536105
2175666974,0.167594,-0.033519,-9.174581
2175668173,0.179565,-0.035913,-8.983045
2175669364,0.196325,-0.153229,-8.882488
2175670550,0.225055,-0.177171,-8.906430
2175671731,0.155623,-0.165200,-8.904037
2175672922,0.110133,-0.201113,-9.133880
2175674114,0.028730,-0.177171,-9.145850
2175675310,0.000000,-0.160412,-8.973468
2175676482,-0.069432,-0.148441,-9.028535
2175677664,-0.007183,-0.076614,-9.157822
2175678856,0.021548,-0.050278,-9.069236
2175680050,0.052672,-0.064643,-9.131485
2175681237,0.110133,0.021548,-9.028535
2175682416,0.117316,-0.004788,-8.968679
2175683591,0.138864,-0.095768,-9.143456
2175684772,0.088585,-0.098162,-9.267955
2175685965,0.057461,-0.179565,-9.469068
2175687168,0.059855,-0.208296,-9.545682
2175688354,0.112527,-0.198719,-9.519346
2175689536,0.165200,-0.198719,-9.521740
2175690716,0.201113,-0.150835,-9.548077
2175691912,0.210690,-0.143652,-9.550470
2175693103,0.265756,-0.083797,-9.612720
2175694293,0.253785,-0.028730,-9.777920
2175695468,0.270545,-0.045490,-9.947908
2175696641,0.452504,0.031125,-10.149021
2175697816,0.483629,0.067038,-10.168175
2175699006,0.397437,0.222661,-10.275913
2175700199,0.421380,0.232238,-10.172963
2175701383,0.418985,0.167594,-10.160992
2175702548,0.383072,0.095768,-10.096349
2175703726,0.347159,0.071826,-10.036493
2175704907,0.347159,-0.019154,-10.062830
2175706099,0.392649,-0.169988,-10.177752
2175707286,0.407014,-0.095768,-10.093954
2175708466,0.438139,-0.172383,-9.991004
2175709636,0.524330,-0.232238,-9.947908
2175710821,0.560243,-0.246603,-9.974244
2175712020,0.452504,-0.143652,-9.962274
2175713212,0.433351,-0.143652,-9.947908
2175714402,0.356736,-0.124498,-10.043676
2175715588,0.356736,-0.124498,-10.019734
2175716770,0.308852,-0.117316,-10.163386
2175717969,0.351948,-0.191536,-10.426748
2175719170,0.203507,-0.227449,-10.556035
2175720361,0.191536,-0.344765,-10.560823
2175721539,0.201113,-0.311246,-10.527305
2175722724,0.198719,-0.289698,-10.558430
2175723918,0.155623,-0.272939,-10.692505
2175725117,0.172383,-0.160412,-10.778696
2175726311,0.193930,-0.074220,-10.723629
2175727491,0.172383,-0.052672,-10.737994
2175728664,0.165200,0.009577,-10.690110
2175729841,0.186748,-0.002394,-10.596737
2175731035,0.277727,0.002394,-10.390836
2175732215,0.268151,-0.083797,-10.469844
2175733406,0.167594,-0.114922,-10.613496
2175734585,0.069432,-0.086191,-10.735600
2175735759,0.179565,-0.112527,-10.694899
2175736957,0.174777,-0.095768,-10.661380
2175738154,0.304064,-0.052672,-10.527305
2175739350,0.366313,-0.045490,-10.254366
2175740527,0.363919,-0.110133,-10.086772
2175741709,0.258574,-0.191536,-10.149021
2175742901,0.294487,-0.198719,-10.278308
2175744098,0.253785,-0.102951,-10.589554
2175745284,0.287304,-0.167594,-10.445902
2175746465,0.277727,0.086191,-10.453085
2175747630,0.198719,0.222661,-10.556035
2175748810,0.193930,0.189142,-10.469844
2175749996,0.167594,0.100556,-10.223241
2175751189,0.086191,0.083797,-10.254366
2175752373,0.045490,-0.002394,-10.297462
2175753547,0.023942,0.083797,-10.287885
2175754721,-0.071826,0.059855,-10.163386
2175755918,-0.107739,0.000000,-9.988609
2175757107,-0.184354,-0.086191,-9.959879
2175758311,-0.248997,0.062249,-9.888053
2175759486,-0.239420,0.102951,-9.787497
2175760663,-0.201113,0.098162,-9.698911
2175761842,-0.146046,-0.043096,-9.696517
2175763044,-0.186748,-0.110133,-9.617508
2175764229,-0.158017,-0.189142,-9.651027
2175765424,-0.167594,-0.246603,-9.730036
2175766599,-0.119710,-0.330400,-9.742006
2175767785,-0.090980,-0.277727,-9.816227
2175768978,-0.081403,-0.162806,-9.792285
2175770179,0.004788,-0.117316,-9.516952
2175771371,0.057461,-0.047884,-9.603143
2175772541,0.011971,-0.112527,-9.689334
2175773721,0.050278,-0.057461,-9.825804
2175774915,0.105345,0.074220,-10.117896
2175776099,0.086191,0.045490,-10.395624
2175777280,0.079009,0.019154,-10.508151
2175778448,0.112527,0.031125,-10.647015
2175779623,0.033519,0.026336,-10.460267
2175780793,0.000000,0.000000,-10.491392
2175781973,0.026336,-0.023942,-10.443508
2175783167,0.057461,-0.143652,-10.532093
2175784368,-0.007183,-0.177171,-10.577583
2175785542,-0.067038,-0.177171,-10.611102
2175786734,-0.112527,-0.217872,-10.630256
2175787927,-0.095768,-0.232238,-10.730812
2175789126,-0.062249,-0.335188,-10.915166
2175790321,-0.098162,-0.284910,-10.934319
2175791510,-0.052672,-0.244209,-10.915166
2175792690,-0.117316,-0.227449,-10.958261
2175793894,-0.093374,-0.253785,-11.128249
2175795093,0.002394,-0.248997,-11.092337
2175796276,-0.011971,-0.217872,-11.238382
2175797460,-0.026336,-0.117316,-11.415554
2175798639,-0.095768,-0.146046,-11.494562
2175799829,-0.136469,-0.179565,-11.415554
2175801036,-0.138864,-0.129287,-11.410766
2175802225,-0.179565,-0.208296,-11.489774
2175803423,-0.268151,-0.143652,-11.535264
2175804601,-0.287304,-0.158017,-11.451467
2175805790,-0.339977,-0.162806,-11.358093
2175806985,-0.366313,-0.177171,-11.291056
2175808194,-0.304064,-0.134075,-11.176133
2175809385,-0.354342,-0.191536,-11.101913
2175810574,-0.361524,-0.174777,-11.018116
2175811753,-0.328006,-0.210690,-10.960655
2175812951,-0.411803,-0.193930,-10.807426
2175814155,-0.462081,-0.114922,-10.757148
2175815363,-0.512359,-0.100556,-10.594342
2175816549,-0.579397,-0.067038,-10.577583
2175817743,-0.596156,-0.014365,-10.520123
2175818941,-0.548272,-0.057461,-10.450690
2175820149,-0.584185,-0.119710,-10.199299
2175821347,-0.543484,-0.162806,-10.378864
2175822536,-0.577003,-0.114922,-10.307038
2175823721,-0.620098,-0.143652,-10.278308
2175824925,-0.648829,-0.102951,-10.249578
2175826120,-0.737414,-0.076614,-10.240001
2175827318,-0.701501,-0.028730,-10.182540
2175828500,-0.691924,0.002394,-10.146626
2175829680,-0.699107,-0.047884,-10.074800
2175830873,-0.660800,-0.064643,-10.086772
2175832067,-0.684742,-0.095768,-10.149021
2175833261,-0.720655,-0.040701,-10.278308
2175834446,-0.701501,-0.004788,-10.225636
2175835631,-0.761356,-0.071826,-10.062830
2175836823,-0.737414,-0.134075,-10.053253
2175838029,-0.684742,-0.146046,-10.199299
2175839223,-0.541090,-0.083797,-10.244789
2175840406,-0.471658,-0.153229,-10.290278
2175841593,-0.457293,-0.198719,-10.395624
2175842784,-0.495600,-0.208296,-10.309433
2175843981,-0.512359,-0.124498,-10.204087
2175845182,-0.524330,-0.045490,-10.132261
2175846378,-0.574608,-0.035913,-10.125079
2175847554,-0.553061,-0.059855,-10.266336
2175848737,-0.526724,0.023942,-10.455479
2175849926,-0.529119,0.026336,-10.369287
2175851117,-0.519542,-0.035913,-10.371682
2175852317,-0.490811,-0.026336,-10.407595
2175853505,-0.514753,0.014365,-10.302250
2175854680,-0.514753,0.050278,-10.350134
2175855872,-0.507571,-0.047884,-10.292673
2175857072,-0.629675,-0.098162,-10.247183
2175858266,-0.612916,-0.107739,-10.500969
2175859458,-0.509965,-0.011971,-10.330980
2175860638,-0.476446,0.062249,-10.125079
2175861820,-0.378284,0.033519,-10.093954
2175863024,-0.301669,0.114922,-10.129868
2175864207,-0.574608,-0.059855,-10.048465
2175865408,-0.603339,-0.050278,-10.127473
2175866589,-0.735020,-0.009577,-10.163386
2175867780,-0.720655,0.009577,-10.139444
2175868968,-0.713472,0.019154,-10.256760
2175870167,-0.723049,0.007183,-10.405201
2175871361,-0.723049,0.026336,-10.309433
2175872546,-0.739808,0.090980,-10.302250
2175873724,-0.770933,0.062249,-10.316615
2175874922,-0.780510,0.100556,-10.172963
2175876111,-0.818817,0.081403,-9.974244
2175877307,-0.818817,0.141258,-10.010158
2175878483,-0.821211,0.169988,-10.084377
2175879660,-0.833182,0.141258,-10.070012
2175880838,-0.773327,0.167594,-10.263943
2175882038,-0.754174,0.136469,-10.292673
2175883222,-0.739808,0.160412,-10.000581
2175884402,-0.706290,0.143652,-9.911995
2175885578,-0.794875,0.196325,-9.830592
2175886755,-0.794875,0.153229,-9.763555
2175887947,-0.766145,0.191536,-9.828198
2175889150,-0.746991,0.260968,-9.852140
2175890341,-0.821211,0.227449,-9.868899
2175891523,-0.742203,0.253785,-9.986216
2175892700,-0.749385,0.277727,-9.799467
2175893897,-0.780510,0.306458,-9.651027
2175895084,-0.792481,0.196325,-9.662998
2175896271,-0.821211,0.275333,-9.991004
2175897447,-0.809240,0.308852,-9.892841
2175898631,-0.756568,0.313640,-9.856929
2175899812,-0.711078,0.296881,-9.581595
2175901010,-0.706290,0.316035,-9.555259
2175902207,-0.691924,0.296881,-9.564836
2175903398,-0.902614,0.375890,-9.859323
2175904569,-0.890643,0.363919,-9.780313
2175905745,-0.988805,0.316035,-9.694122
2175906933,-1.019930,0.232238,-9.698911
2175908126,-1.046266,0.328006,-9.698911
2175909313,-1.074997,0.351948,-9.595961
2175910500,-0.991199,0.351948,-9.655815
2175911676,-1.010353,0.359130,-9.543288
2175912869,-1.086968,0.363919,-9.512163
2175914063,-1.144428,0.311246,-9.550470
2175915254,-1.063026,0.299275,-9.478644
2175916441,-1.096544,0.282516,-9.540894
2175917623,-1.034295,0.308852,-9.536105
2175918797,-1.118092,0.339977,-9.507375
2175919987,-1.158794,0.308852,-9.526528
2175921182,-1.149217,0.296881,-9.502586
2175922374,-1.154005,0.335188,-9.459491
2175923541,-1.165976,0.251391,-9.500193
2175924726,-1.139640,0.304064,-9.734824
2175925914,-1.151611,0.351948,-9.742006
2175927112,-1.264138,0.335188,-9.651027
2175928298,-1.168370,0.335188,-9.878476
2175929479,-1.151611,0.328006,-9.895236
2175930651,-1.163582,0.359130,-9.801862
2175931839,-1.228225,0.375890,-9.761160
2175933033,-1.182736,0.390255,-9.720459
2175934220,-1.259350,0.380678,-9.727641
2175935397,-1.321599,0.337582,-9.751583
2175936580,-1.288081,0.328006,-9.792285
2175937751,-1.182736,0.375890,-9.775525
2175938945,-1.247379,0.442927,-9.646238
2175940135,-1.333570,0.371101,-9.694122
2175941327,-1.302446,0.351948,-9.749189
2175942505,-1.355118,0.375890,-9.588778
2175943685,-1.321599,0.426168,-9.538500
2175944873,-1.307234,0.402226,-9.586384
2175946066,-1.362301,0.490811,-9.473856
2175947253,-1.431733,0.426168,-9.327810
2175948434,-1.422156,0.464475,-9.502586
2175949612,-1.470040,0.505177,-9.425972
2175950794,-1.446098,0.478840,-9.390059
2175951981,-1.362301,0.402226,-9.423578
2175953180,-1.424550,0.361524,-9.430760
2175954371,-1.525106,0.442927,-9.404425
2175955542,-1.546654,0.428562,-9.435549
2175956724,-1.527501,0.361524,-9.356541
2175957922,-1.484405,0.344765,-9.464279
2175959113,-1.489193,0.337582,-9.385271
2175960312,-1.465251,0.265756,-9.351752
2175961489,-1.465251,0.325611,-9.378088
2175962666,-1.414973,0.397437,-9.294291
2175963854,-1.482011,0.356736,-9.342175
2175965053,-1.438915,0.275333,-9.442732
2175966240,-1.501164,0.335188,-9.500193
2175967428,-1.489193,0.421380,-9.521740
2175968598,-1.474828,0.368707,-9.495404
2175969777,-1.455675,0.363919,-9.512163
2175970966,-1.467646,0.359130,-9.483433
2175972171,-1.482011,0.385466,-9.375694
2175973358,-1.429338,0.272939,-9.562442
2175974541,-1.434127,0.351948,-9.588778
2175975722,-1.429338,0.378284,-9.521740
2175976921,-1.388637,0.383072,-9.509769
2175978114,-1.362301,0.418985,-9.536105
2175979307,-1.328782,0.375890,-9.437943
2175980484,-1.276109,0.246603,-9.775525
2175981665,-1.244985,0.237026,-9.708488
2175982852,-1.268927,0.234632,-9.732430
2175984049,-1.189918,0.244209,-9.744401
2175985231,-1.213860,0.270545,-9.876082
2175986408,-1.189918,0.246603,-9.809045
2175987579,-1.122881,0.210690,-9.914390
2175988755,-1.072602,0.280122,-10.024523
2175989946,-1.027112,0.304064,-9.981427
2175991148,-1.017536,0.263362,-9.933543
2175992337,-1.027112,0.244209,-9.981427
2175993519,-1.053449,0.316035,-10.103531
2175994696,-0.993594,0.308852,-10.170568
2175995889,-0.988805,0.253785,-10.070012
2175997076,-1.094150,0.251391,-10.048465
2175998262,-1.077391,0.196325,-9.993398
2175999447,-0.948104,0.203507,-10.132261
2176000631,-0.924162,0.225055,-9.993398
2176001813,-0.900220,0.215478,-9.849746
2176003007,-0.893037,0.177171,-9.852140
2176004205,-0.773327,0.100556,-9.873688
2176005394,-0.758962,0.117316,-9.931149
2176006567,-0.754174,0.093374,-9.878476
2176007743,-0.723049,0.098162,-9.916783
2176008931,-0.651223,0.107739,-9.967062
2176010123,-0.632069,0.074220,-9.871294
2176011309,-0.679953,0.081403,-9.842564
2176012489,-0.644040,0.100556,-9.897630
2176013658,-0.617704,0.031125,-9.923966
2176014849,-0.632069,0.088585,-9.995792
2176016044,-0.629675,0.155623,-10.010158
2176017230,-0.620098,0.136469,-9.926360
2176018416,-0.507571,0.191536,-9.813833
2176019585,-0.529119,0.203507,-9.777920
2176020753,-0.562637,0.167594,-9.847352
2176021950,-0.495600,0.090980,-9.943120
2176023144,-0.459687,0.071826,-10.007763
2176024337,-0.407014,0.107739,-10.038888
2176025513,-0.344765,0.086191,-9.935937
2176026695,-0.328006,0.040701,-9.902418
2176027879,-0.337582,0.023942,-9.907207
2176029071,-0.318429,-0.019154,-9.938332
2176030259,-0.215478,-0.004788,-9.928755
2176031456,-0.208296,-0.071826,-10.125079
2176032632,-0.169988,-0.031125,-10.084377
2176033825,-0.150835,0.009577,-10.022128
2176035023,-0.150835,-0.031125,-10.117896
2176036216,-0.167594,-0.074220,-10.230424
2176037412,-0.181959,-0.026336,-10.194510
2176038598,-0.141258,-0.040701,-10.225636
2176039782,-0.169988,-0.016759,-10.259154
2176040982,-0.110133,0.007183,-10.213664
2176042177,-0.081403,0.023942,-10.187328
2176043372,-0.093374,-0.023942,-10.149021
2176044548,-0.117316,-0.093374,-10.218452
2176045742,-0.093374,-0.071826,-10.192117
2176046937,-0.076614,-0.038307,-10.168175
2176048136,-0.105345,-0.131681,-10.196905
2176049327,-0.110133,-0.100556,-10.160992
2176050514,0.023942,-0.119710,-10.244789
2176051691,0.062249,-0.095768,-10.141838
2176052885,0.090980,-0.119710,-10.029311
2176054071,0.076614,-0.100556,-10.026917
2176055255,0.021548,-0.112527,-10.081984
2176056442,0.122104,-0.138864,-10.081984
2176057624,0.172383,-0.088585,-10.194510
2176058805,0.165200,-0.050278,-10.192117
2176060003,0.220267,-0.069432,-10.137050
2176061199,0.205901,-0.083797,-10.060435
2176062388,0.256180,-0.102951,-10.048465
2176063559,0.198719,-0.038307,-10.048465
2176064734,0.246603,-0.071826,-10.034100
2176065920,0.330400,-0.067038,-10.060435
2176067115,0.292093,-0.100556,-10.141838
2176068308,0.237026,-0.064643,-10.050858
2176069488,0.332794,-0.086191,-9.959879
2176070660,0.289698,-0.083797,-9.981427
2176071851,0.289698,-0.074220,-9.923966
2176073044,0.292093,-0.117316,-9.854534
2176074228,0.328006,-0.189142,-9.947908
2176075403,0.306458,-0.138864,-10.010158
2176076587,0.308852,-0.143652,-9.861717
2176077769,0.256180,-0.117316,-9.823410
2176078966,0.258574,-0.134075,-9.854534
2176080165,0.282516,-0.141258,-9.916783
2176081367,0.251391,-0.071826,-9.837775
2176082534,0.177171,-0.136469,-9.840169
2176083720,0.153229,-0.126893,-9.904813
2176084913,0.160412,-0.088585,-9.919178
2176086110,0.179565,-0.083797,-9.902418
2176087295,0.169988,-0.165200,-9.888053
2176088475,0.203507,-0.158017,-9.900024
2176089641,0.189142,-0.141258,-9.940725
2176090829,0.143652,-0.122104,-9.964667
2176092024,0.110133,-0.134075,-9.945514
2176093208,0.153229,-0.122104,-9.876082
2176094393,0.129287,-0.184354,-9.897630
2176095570,0.086191,-0.055067,-9.895236
2176096740,0.158017,-0.100556,-9.842564
2176097932,0.155623,-0.105345,-9.825804
2176099117,0.100556,-0.100556,-9.842564
2176100313,0.112527,-0.083797,-9.809045
2176101487,0.112527,-0.136469,-9.947908
2176102664,0.098162,-0.079009,-9.876082
2176103845,0.110133,-0.038307,-9.742006
2176105041,0.074220,-0.102951,-9.813833
2176106222,0.016759,-0.107739,-9.809045
2176107402,0.033519,-0.114922,-9.785102
2176108579,0.069432,-0.093374,-9.959879
2176109755,0.028730,-0.100556,-9.998186
2176110942,-0.031125,-0.050278,-9.878476
2176112149,-0.038307,-0.069432,-9.780313
2176113345,0.007183,-0.074220,-9.895236
2176114525,-0.062249,-0.081403,-9.720459
2176115706,-0.035913,-0.071826,-9.742006
2176116907,-0.095768,-0.028730,-9.804255
2176118105,-0.148441,-0.081403,-9.804255
2176119306,-0.138864,-0.074220,-9.636662
2176120487,-0.100556,-0.026336,-9.610326
2176121668,-0.117316,-0.028730,-9.514558
2176122860,-0.155623,-0.021548,-9.493010
2176124063,-0.153229,-0.069432,-9.457097
2176125256,-0.227449,-0.074220,-9.421184
2176126453,-0.301669,-0.081403,-9.440337
2176127637,-0.301669,-0.112527,-9.531317
2176128832,-0.289698,-0.129287,-9.519346
2176130033,-0.272939,-0.162806,-9.442732
2176131226,-0.191536,-0.100556,-9.363723
2176132414,-0.189142,-0.083797,-9.349358
2176133600,-0.239420,-0.134075,-9.428367
2176134784,-0.284910,-0.043096,-9.378088
2176135981,-0.241814,-0.057461,-9.418790
2176137181,-0.268151,-0.083797,-9.509769
2176138377,-0.313640,-0.095768,-9.574412
2176139553,-0.409408,-0.052672,-9.619903
2176140744,-0.404620,-0.071826,-9.603143
2176141936,-0.392649,-0.153229,-9.619903
2176143136,-0.426168,-0.124498,-9.821015
2176144330,-0.454898,-0.047884,-9.777920
2176145518,-0.517148,-0.074220,-9.744401
2176146700,-0.440533,-0.126893,-9.792285
2176147901,-0.442927,-0.146046,-9.830592
2176149098,-0.440533,-0.047884,-9.940725
2176150293,-0.476446,-0.021548,-9.955091
2176151475,-0.416591,-0.110133,-10.005369
2176152657,-0.409408,-0.050278,-10.014946
2176153848,-0.459687,-0.007183,-9.940725
2176155050,-0.495600,-0.098162,-9.957485
2176156240,-0.500388,-0.100556,-10.014946
2176157436,-0.514753,-0.047884,-9.986216
2176158614,-0.502782,-0.021548,-10.019734
2176159806,-0.517148,-0.011971,-10.034100
2176161000,-0.557849,0.023942,-10.048465
2176162203,-0.488417,0.021548,-10.091560
2176163388,-0.553061,0.045490,-10.158598
2176164569,-0.624887,0.014365,-10.012551
2176165740,-0.684742,0.000000,-9.962274
2176166929,-0.651223,0.102951,-9.861717
2176168114,-0.663194,0.107739,-9.835381
2176169312,-0.670376,0.098162,-9.859323
2176170485,-0.660800,0.119710,-9.861717
2176171659,-0.639252,0.007183,-9.710882
2176172841,-0.620098,-0.009577,-9.660604
2176174043,-0.670376,0.033519,-9.746795
2176175225,-0.632069,0.074220,-9.718064
2176176410,-0.636858,0.074220,-9.617508
2176177589,-0.612916,0.081403,-9.658210
2176178774,-0.565032,0.114922,-9.720459
2176179967,-0.591368,0.107739,-9.655815
2176181170,-0.572214,0.107739,-9.593566
2176182357,-0.543484,0.105345,-9.610326
2176183535,-0.529119,0.102951,-9.763555
2176184712,-0.536301,0.117316,-9.732430
2176185908,-0.533907,0.158017,-9.777920
2176187098,-0.488417,0.134075,-9.756371
2176188288,-0.519542,0.146046,-9.744401
2176189464,-0.490811,0.102951,-9.713276
2176190638,-0.517148,0.059855,-9.753978
2176191821,-0.533907,0.126893,-9.813833
2176193025,-0.500388,0.148441,-9.792285
2176194207,-0.529119,0.074220,-9.799467
2176195396,-0.497994,0.067038,-9.926360
2176196572,-0.418985,0.083797,-10.050858
2176197748,-0.430956,0.189142,-9.861717
2176198936,-0.349553,0.143652,-9.876082
2176200127,-0.349553,0.158017,-9.998186
2176201315,-0.409408,0.160412,-10.048465
2176202495,-0.411803,0.098162,-10.062830
2176203660,-0.478840,0.081403,-10.237606
2176204850,-0.430956,0.148441,-10.228029
2176206044,-0.390255,0.191536,-10.273520
2176207230,-0.450110,0.160412,-10.251971
2176208412,-0.505177,0.167594,-10.261548
2176209588,-0.397437,0.191536,-10.309433
2176210770,-0.308852,0.126893,-10.486604
2176211968,-0.320823,0.181959,-10.350134
2176213168,-0.284910,0.239420,-10.350134
2176214368,-0.354342,0.217872,-10.328587
2176215542,-0.296881,0.181959,-10.409989
2176216728,-0.313640,0.153229,-10.342952
2176217917,-0.330400,0.179565,-10.364499
2176219115,-0.347159,0.174777,-10.441113
2176220309,-0.438139,0.208296,-10.362105
2176221490,-0.483629,0.186748,-10.295067
2176222664,-0.581791,0.196325,-10.323798
2176223853,-0.624887,0.153229,-10.180145
2176225046,-0.507571,0.083797,-9.998186
2176226229,-0.289698,0.004788,-9.892841
2176227405,-0.287304,0.160412,-9.895236
2176228589,-0.232238,0.268151,-9.832987
2176229772,-0.208296,0.294487,-10.208876
2176230969,-0.313640,0.265756,-10.019734
2176232169,-0.385466,0.203507,-9.852140
2176233369,-0.275333,0.100556,-10.053253
2176234532,-0.299275,0.026336,-10.151415
2176235715,-0.292093,0.215478,-9.885659
2176236908,-0.239420,0.263362,-9.756371
2176238104,-0.294487,0.294487,-9.718064
2176239290,-0.239420,0.270545,-9.868899
2176240470,-0.277727,0.256180,-9.998186
2176241640,-0.308852,0.210690,-10.101137
2176242824,-0.284910,0.165200,-10.050858
2176244022,-0.246603,0.189142,-9.993398
2176245206,-0.239420,0.169988,-9.911995
2176246392,-0.220267,0.208296,-9.768343
2176247573,-0.260968,0.165200,-9.617508
2176248743,-0.246603,0.110133,-9.737218
2176249935,-0.244209,0.150835,-9.835381
2176251123,-0.251391,0.148441,-9.821015
2176252316,-0.265756,0.088585,-9.974244
2176253492,-0.270545,0.138864,-9.986216
2176254669,-0.181959,0.246603,-9.770737
2176255855,-0.122104,0.184354,-9.658210
2176257050,-0.141258,0.174777,-9.667787
2176258233,-0.181959,0.160412,-9.684546
2176259425,-0.177171,0.174777,-9.801862
2176260595,-0.146046,0.167594,-9.811439
2176261776,-0.102951,0.141258,-9.974244
2176262969,-0.129287,0.126893,-9.928755
2176264174,-0.138864,0.112527,-9.900024
2176265365,-0.141258,0.107739,-9.923966
2176266550,-0.129287,0.136469,-9.856929
2176267731,-0.052672,0.172383,-9.792285
2176268924,-0.064643,0.122104,-9.842564
2176270116,-0.064643,0.174777,-9.859323
2176271314,-0.047884,0.143652,-9.897630
2176272489,-0.031125,0.107739,-9.995792
2176273671,-0.045490,0.114922,-10.084377
2176274857,-0.098162,0.179565,-9.928755
2176276053,-0.019154,0.179565,-9.962274
2176277232,-0.019154,0.222661,-9.866506
2176278413,-0.026336,0.213084,-9.818622
2176279588,-0.019154,0.153229,-9.837775
2176280774,-0.019154,0.138864,-9.749189
2176281967,-0.023942,0.124498,-9.674969
2176283168,-0.026336,0.141258,-9.739613
2176284365,-0.045490,0.179565,-9.823410
2176285549,-0.052672,0.177171,-9.742006
2176286728,-0.052672,0.136469,-9.686940
2176287920,-0.122104,0.112527,-9.727641
2176289114,-0.122104,0.158017,-9.684546
2176290309,-0.095768,0.177171,-9.746795
2176291485,-0.119710,0.179565,-9.763555
2176292662,-0.095768,0.153229,-9.782708
2176293845,-0.100556,0.148441,-9.801862
2176295042,-0.088585,0.155623,-9.763555
2176296225,-0.110133,0.162806,-9.682152
2176297414,-0.126893,0.167594,-9.684546
2176298590,-0.093374,0.191536,-9.653421
2176299776,-0.162806,0.162806,-9.847352
2176300968,-0.148441,0.143652,-9.763555
2176302172,-0.146046,0.153229,-9.686940
2176303358,-0.186748,0.225055,-9.646238
2176304539,-0.169988,0.263362,-9.718064
2176305720,-0.167594,0.198719,-9.722853
2176306918,-0.117316,0.179565,-9.765948
2176308112,-0.090980,0.215478,-9.665392
2176309307,-0.093374,0.208296,-9.603143
2176310482,-0.177171,0.239420,-9.588778
2176311664,-0.134075,0.253785,-9.598354
2176312850,-0.189142,0.148441,-9.813833
2176314047,-0.172383,0.122104,-9.801862
2176315226,-0.256180,0.088585,-9.797073
2176316404,-0.220267,0.136469,-9.787497
2176317581,-0.186748,0.158017,-9.785102
2176318757,-0.203507,0.186748,-9.794679
2176319948,-0.232238,0.162806,-9.923966
2176321150,-0.275333,0.155623,-9.933543
2176322343,-0.275333,0.203507,-9.950302
2176323522,-0.232238,0.179565,-9.974244
2176324700,-0.272939,0.184354,-9.974244
2176325894,-0.280122,0.191536,-9.983821
2176327083,-0.328006,0.237026,-9.971850
2176328267,-0.296881,0.277727,-10.005369
2176329454,-0.313640,0.198719,-9.964667
2176330639,-0.349553,0.131681,-10.000581
2176331820,-0.325611,0.177171,-9.943120
2176333024,-0.347159,0.220267,-9.947908
2176334207,-0.351948,0.210690,-9.909601
2176335395,-0.351948,0.191536,-9.955091
2176336567,-0.380678,0.222661,-10.034100
2176337743,-0.330400,0.270545,-9.991004
2176338928,-0.347159,0.184354,-9.902418
2176340121,-0.323217,0.227449,-9.885659
2176341315,-0.344765,0.284910,-9.935937
2176342496,-0.349553,0.260968,-10.031705
2176343675,-0.380678,0.234632,-9.962274
2176344867,-0.363919,0.174777,-9.923966
2176346061,-0.335188,0.153229,-9.923966
2176347251,-0.359130,0.146046,-9.888053
2176348438,-0.366313,0.114922,-9.952697
2176349615,-0.311246,0.203507,-9.995792
2176350793,-0.320823,0.136469,-9.952697
2176351985,-0.330400,0.117316,-9.919178
2176353179,-0.383072,0.196325,-9.818622
2176354374,-0.337582,0.241814,-9.950302
2176355541,-0.337582,0.169988,-9.897630
2176356726,-0.318429,0.205901,-9.897630
2176357918,-0.301669,0.196325,-9.947908
2176359115,-0.308852,0.174777,-9.911995
2176360309,-0.361524,0.129287,-9.923966
2176361490,-0.330400,0.172383,-9.971850
2176362660,-0.356736,0.213084,-9.955091
2176363850,-0.337582,0.213084,-9.950302
2176365044,-0.272939,0.136469,-9.888053
2176366230,-0.359130,0.167594,-9.904813
2176367406,-0.339977,0.177171,-9.835381
2176368581,-0.378284,0.081403,-9.935937
2176369752,-0.311246,0.117316,-9.911995
2176370949,-0.330400,0.119710,-9.921572
2176372136,-0.349553,0.114922,-10.046070
2176373328,-0.351948,0.158017,-10.022128
2176374505,-0.354342,0.119710,-9.852140
2176375689,-0.330400,0.105345,-9.861717
2176376876,-0.373495,0.126893,-9.931149
2176378074,-0.392649,0.169988,-9.928755
2176379254,-0.325611,0.153229,-10.108319
2176380446,-0.325611,0.119710,-10.050858
2176381623,-0.347159,0.064643,-10.000581
2176382802,-0.380678,0.086191,-10.034100
2176383988,-0.371101,0.093374,-10.053253
2176385186,-0.378284,0.081403,-9.979033
2176386373,-0.292093,0.107739,-9.998186
2176387545,-0.335188,0.095768,-10.007763
2176388724,-0.342371,0.071826,-9.945514
2176389922,-0.292093,0.026336,-9.940725
2176391114,-0.275333,0.033519,-9.880871
2176392311,-0.227449,0.033519,-9.928755
2176393486,-0.215478,0.047884,-9.904813
2176394661,-0.174777,0.011971,-9.976639
2176395842,-0.148441,0.043096,-10.005369
2176397040,-0.172383,0.009577,-9.787497
2176398221,-0.210690,0.009577,-9.667787
2176399400,-0.256180,0.019154,-9.706094
2176400572,-0.198719,0.059855,-9.770737
2176401748,-0.134075,0.019154,-9.801862
2176402935,-0.134075,0.026336,-9.811439
2176404128,-0.100556,0.028730,-9.782708
2176405314,-0.093374,0.009577,-9.780313
2176406490,-0.134075,0.021548,-9.619903
2176407665,-0.150835,0.076614,-9.787497
2176408856,-0.179565,0.028730,-9.821015
2176410046,-0.215478,0.064643,-9.720459
2176411233,-0.189142,0.062249,-9.696517
2176412420,-0.203507,0.076614,-9.737218
2176413593,-0.203507,0.050278,-9.763555
2176414758,-0.186748,0.026336,-9.662998
2176415955,-0.222661,0.069432,-9.677363
2176417151,-0.191536,0.031125,-9.655815
2176418347,-0.215478,0.045490,-9.655815
2176419524,-0.215478,0.047884,-9.569624
2176420705,-0.268151,0.035913,-9.667787
2176421897,-0.184354,0.069432,-9.720459
2176423092,-0.272939,0.028730,-9.739613
2176424273,-0.265756,0.059855,-9.670180
2176425453,-0.296881,0.076614,-9.612720
2176426633,-0.325611,0.035913,-9.679757
2176427819,-0.299275,0.021548,-9.742006
2176429017,-0.299275,0.102951,-9.785102
2176430208,-0.320823,0.086191,-9.624691
2176431392,-0.311246,0.148441,-9.591172
2176432567,-0.363919,0.095768,-9.588778
2176433739,-0.311246,0.009577,-9.586384
2176434931,-0.258574,0.004788,-9.605537
2176436118,-0.347159,0.038307,-9.809045
2176437314,-0.351948,-0.002394,-9.739613
2176438502,-0.359130,0.026336,-9.698911
2176439685,-0.320823,0.074220,-9.691729
2176440872,-0.378284,0.074220,-9.583989
2176442069,-0.330400,0.098162,-9.639056
2176443254,-0.344765,0.090980,-9.694122
2176444444,-0.311246,0.057461,-9.696517
2176445616,-0.296881,0.086191,-9.703699
2176446799,-0.318429,0.071826,-9.696517
2176447987,-0.335188,0.100556,-9.658210
2176449185,-0.342371,0.074220,-9.639056
2176450373,-0.323217,0.057461,-9.660604
2176451544,-0.325611,0.076614,-9.682152
2176452724,-0.323217,0.083797,-9.612720
2176453921,-0.344765,0.081403,-9.603143
2176455110,-0.344765,0.033519,-9.665392
2176456306,-0.342371,0.043096,-9.727641
2176457482,-0.339977,0.028730,-9.662998
2176458657,-0.351948,0.059855,-9.655815
2176459840,-0.335188,0.057461,-9.660604
2176461038,-0.296881,0.050278,-9.816227
2176462219,-0.337582,0.040701,-9.732430
2176463412,-0.292093,0.023942,-9.655815
2176464587,-0.325611,0.035913,-9.713276
2176465773,-0.363919,0.043096,-9.809045
2176466964,-0.392649,-0.004788,-9.809045
2176468173,-0.409408,0.016759,-9.761160
2176469357,-0.371101,-0.023942,-9.768343
2176470548,-0.383072,-0.009577,-9.792285
2176471735,-0.442927,0.014365,-9.907207
2176472924,-0.411803,0.035913,-9.923966
2176474116,-0.476446,0.050278,-9.878476
2176475311,-0.507571,0.071826,-9.926360
2176476486,-0.464475,0.016759,-9.897630
2176477663,-0.457293,-0.038307,-9.967062
2176478854,-0.418985,-0.014365,-9.919178
2176480054,-0.454898,0.021548,-10.000581
2176481234,-0.452504,0.004788,-10.036493
2176482420,-0.469264,-0.016759,-10.024523
2176483601,-0.488417,0.021548,-9.983821
2176484782,-0.462081,0.011971,-10.014946
2176485970,-0.469264,-0.035913,-10.115502
2176487181,-0.509965,0.016759,-10.024523
2176488372,-0.490811,-0.047884,-10.002975
2176489546,-0.574608,-0.059855,-9.974244
2176490726,-0.490811,-0.043096,-9.998186
2176491929,-0.562637,0.002394,-9.952697
2176493117,-0.615310,-0.023942,-9.919178
2176494320,-0.526724,-0.023942,-9.926360
2176495503,-0.478840,0.004788,-9.911995
2176496682,-0.490811,-0.059855,-9.955091
2176497875,-0.610521,-0.045490,-9.969456
2176499077,-0.560243,0.000000,-9.873688
2176500254,-0.567426,-0.038307,-9.921572
2176501451,-0.569820,0.031125,-9.943120
2176502627,-0.591368,0.002394,-9.933543
2176503812,-0.569820,-0.002394,-10.048465
2176505017,-0.557849,-0.081403,-10.029311
2176506212,-0.667982,-0.059855,-9.964667
2176507408,-0.684742,-0.002394,-9.914390
2176508590,-0.646434,-0.059855,-9.947908
2176509777,-0.586579,-0.067038,-9.971850
2176510980,-0.605733,-0.052672,-9.991004
2176512179,-0.708684,-0.076614,-9.897630
2176513374,-0.667982,-0.021548,-9.921572
2176514551,-0.632069,-0.026336,-9.919178
2176515743,-0.620098,-0.009577,-9.911995
2176516936,-0.610521,-0.016759,-9.868899
2176518135,-0.603339,0.009577,-10.113108
2176519321,-0.634463,0.016759,-10.014946
2176520497,-0.663194,-0.016759,-9.976639
2176521678,-0.656011,0.045490,-9.969456
2176522870,-0.663194,0.069432,-10.026917
2176524064,-0.718261,0.007183,-10.007763
2176525249,-0.711078,-0.021548,-10.156203
2176526431,-0.708684,0.040701,-10.065224
2176527611,-0.703895,0.079009,-9.914390
2176528787,-0.701501,0.047884,-9.911995
2176529979,-0.751779,0.035913,-9.981427
